site;1990;1991;1992;1993;1994;1995;1996;1997;1998;1999;2000;2001;2002;2003;2004;2005;2006;2007;2008;2009;2010;2011;2012;2013;2014;2015;2016;2017
Site 1;NA;NA;NA;0;NA;NA;NA;NA;0;NA;6;0;0;0;0;NA;0;0;NA;0;8;0;0;0;64;6;27;0
Site 2;NA;100;0;180;111;NA;50;102;90;76;185;190;136;280;350;60;100;128;110;45;75;89;54;75;55;103;209;302
Site 3;NA;NA;NA;15;NA;NA;NA;NA;NA;NA;NA;NA;NA;NA;NA;NA;NA;0;NA;0;0;0;0;0;0;0;0;32
Site 4;NA;NA;NA;NA;0;NA;NA;NA;NA;NA;NA;NA;NA;NA;NA;NA;NA;NA;NA;NA;NA;NA;NA;NA;NA;0;0;4
Site 5;NA;NA;NA;5;NA;NA;NA;NA;NA;NA;NA;NA;NA;NA;NA;NA;NA;25;NA;NA;NA;NA;NA;NA;NA;0;9;2
Site 6;2;0;NA;0;210;NA;NA;NA;NA;0;800;0;NA;0;0;0;3000;1000;1500;1750;30;400;1032;600;248;2113;2552;2600
Site 7;0;0;0;0;0;0;0;89;7;NA;5;8;5;0;0;4;0;30;0;0;0;0;0;0;0;0;0;0
Site 8;4;500;0;NA;NA;23;NA;NA;NA;NA;NA;175;210;138;263;320;412;8;2515;1286;3500;143;110;0;93;120;0;41
Site 9;0;0;0;NA;NA;NA;NA;NA;0;NA;NA;67;NA;53;46;22;10;12;14;2;0;0;0;0;0;0;0;4
Site 10;NA;NA;0;8;0;0;74;0;80;130;98;50;114;434;30;32;28;2;50;80;68;0;NA;0;0;0;0;0
Site 11;0;NA;NA;NA;NA;NA;NA;NA;NA;NA;NA;NA;NA;NA;NA;NA;NA;10;0;0;NA;NA;81;18;NA;NA;7;8
Site 12;NA;NA;NA;0;NA;NA;NA;NA;NA;NA;NA;NA;NA;NA;NA;NA;NA;8;NA;48;80;124;155;26;104;3;15;14
Site 13;NA;NA;NA;32;NA;NA;NA;NA;NA;NA;NA;NA;NA;NA;NA;NA;NA;175;NA;306;288;133;18;180;116;224;99;54
Site 14;NA;0;60;82;NA;NA;NA;0;NA;90;100;NA;NA;NA;10;1000;530;350;300;0;40;320;18;14;80;50;1210;6
Site 15;NA;NA;0;0;NA;NA;NA;NA;0;28;0;NA;NA;NA;26;0;25;37;48;0;0;0;0;0;23;0;0;67
Site 16;NA;0;NA;0;NA;5;NA;130;12;NA;72;10;11;7;5;36;0;0;0;0;0;4;0;15;0;0;0;NA
Site 17;NA;0;0;0;NA;NA;NA;150;NA;0;0;30;NA;NA;NA;NA;NA;NA;0;NA;NA;0;NA;NA;0;0;0;0
Site 18;0;NA;NA;NA;NA;NA;NA;NA;NA;NA;NA;NA;0;0;0;0;0;0;NA;0;0;0;0;0;12;0;0;0
Site 19;0;0;0;0;0;0;0;0;0;0;0;NA;NA;NA;0;0;0;NA;NA;0;0;0;4;0;0;0;0;0
Site 20;NA;NA;NA;NA;NA;NA;NA;NA;NA;0;0;NA;0;NA;NA;NA;NA;NA;NA;NA;NA;NA;NA;4;59;0;9;51
Site 21;NA;NA;NA;NA;NA;NA;NA;NA;0;NA;NA;NA;4;NA;NA;NA;NA;NA;NA;NA;NA;NA;NA;NA;NA;0;0;0
Site 22;NA;NA;NA;NA;NA;NA;NA;0;0;0;0;NA;NA;NA;0;NA;NA;NA;NA;NA;NA;NA;NA;8;0;10;0;0
Site 23;NA;0;0;0;0;NA;NA;50;NA;0;0;0;0;NA;0;0;NA;0;0;NA;0;0;NA;NA;0;0;0;0
Site 24;NA;NA;NA;0;6;NA;NA;NA;0;0;NA;NA;0;NA;NA;NA;NA;NA;NA;NA;NA;NA;NA;0;0;0;0;0
Site 25;NA;NA;NA;NA;NA;NA;NA;NA;NA;NA;NA;NA;NA;NA;NA;NA;NA;NA;NA;NA;6;0;0;0;0;4;17;0
Site 26;NA;NA;NA;2;NA;NA;NA;NA;NA;NA;NA;NA;NA;NA;NA;NA;0;0;NA;8;0;0;0;64;2;0;4;0
Site 27;NA;NA;NA;NA;NA;NA;0;NA;NA;NA;32;NA;NA;NA;NA;NA;930;2830;2552;2516;800;5600;890;236;37;28;66;155
Site 28;10;44;NA;0;220;NA;NA;NA;100;394;150;280;NA;60;400;5;0;24;650;80;40;137;0;200;93;40;140;250
Site 29;NA;NA;NA;NA;NA;NA;NA;NA;NA;728;NA;NA;NA;NA;NA;NA;NA;NA;NA;NA;NA;NA;NA;50;800;0;116;77
Site 30;NA;NA;NA;12;NA;NA;NA;NA;NA;NA;NA;NA;NA;NA;NA;NA;NA;0;NA;0;11;0;0;0;NA;0;0;0
Site 32;NA;0;100;0;NA;NA;NA;NA;NA;2436;0;0;NA;0;NA;250;60;NA;NA;NA;300;NA;NA;NA;0;0;0;0
Site 34;NA;NA;0;NA;NA;NA;NA;50;50;26;500;50;0;NA;0;0;NA;10;0;NA;7;13;29;7;14;12;8;10
Site 35;NA;NA;NA;NA;NA;NA;NA;473;350;63;500;NA;260;220;131;367;500;251;0;NA;60;103;0;40;1;0;0;12
Site 36;32;NA;NA;NA;0;NA;NA;NA;NA;0;NA;NA;10;0;1050;0;800;600;800;NA;650;700;475;660;1050;377;1350;2493
Site 37;NA;0;NA;0;16;NA;NA;NA;0;50;16;0;NA;46;0;350;20;0;0;360;0;20;0;0;210;350;200;0
Site 38;NA;NA;NA;NA;NA;NA;NA;0;6;21;28;NA;41;41;18;22;NA;0;3;NA;NA;NA;NA;NA;NA;0;0;0
Site 39;NA;NA;NA;NA;NA;NA;NA;NA;NA;0;1000;NA;NA;440;NA;NA;NA;NA;0;0;0;0;0;0;0;0;0;0
Site 40;NA;NA;NA;NA;NA;NA;NA;NA;2500;0;NA;NA;NA;NA;NA;NA;NA;NA;NA;NA;NA;NA;NA;NA;20;0;0;0
Site 41;NA;NA;0;NA;NA;NA;NA;NA;0;NA;648;536;477;418;1844;597;357;284;1884;1560;0;0;1130;0;0;15;27;0
Site 42;NA;NA;500;19;NA;NA;NA;NA;NA;16;0;0;NA;0;NA;NA;NA;NA;10;0;NA;NA;0;0;381;0;200;0
Site 43;NA;NA;0;0;NA;NA;NA;NA;0;0;150;NA;NA;1300;0;NA;6;370;18;150;0;NA;0;48;0;1000;78;50
Site 44;NA;NA;NA;NA;NA;NA;NA;NA;25;45;0;NA;NA;NA;0;100;68;0;5;NA;NA;NA;NA;NA;NA;0;8;8
Site 45;NA;NA;NA;NA;NA;NA;NA;0;0;0;0;NA;0;0;0;0;0;0;0;NA;0;0;0;0;0;0;0;10
Site 46;NA;NA;NA;NA;NA;NA;1080;251;1110;350;150;760;NA;180;12;1350;840;270;4100;1800;20;1;2750;150;3370;458;0;140
Site 47;NA;137;4120;300;NA;NA;NA;1400;1600;1100;780;NA;1500;2220;5500;590;80;385;260;12;550;550;13;37;506;0;188;270
Site 48;NA;NA;NA;NA;NA;NA;NA;6;0;0;0;NA;NA;NA;0;NA;NA;NA;NA;NA;NA;NA;NA;10;28;NA;6;10
Site 49;NA;NA;NA;NA;7;NA;NA;NA;NA;NA;NA;NA;NA;NA;NA;NA;NA;NA;NA;NA;NA;NA;NA;NA;NA;90;0;0
Site 50;NA;NA;NA;NA;0;0;NA;0;NA;0;NA;0;NA;630;218;1170;220;600;197;180;48;20;975;870;2410;1230;0;410
Site 51;NA;NA;0;429;1150;1100;550;185;280;500;300;200;300;630;304;66;120;300;300;360;272;738;300;320;500;290;300;250
Site 52;NA;NA;NA;NA;NA;NA;NA;NA;NA;NA;188;NA;70;440;190;206;1680;0;0;100;0;1;0;1100;0;0;50;12
Site 53;NA;0;NA;NA;NA;0;NA;NA;5;NA;NA;NA;NA;NA;NA;NA;NA;NA;NA;NA;NA;NA;NA;NA;NA;NA;NA;NA
Site 54;NA;0;0;0;NA;NA;5;0;20;0;0;0;NA;0;0;0;0;0;NA;0;0;NA;0;0;0;0;0;0
Site 55;NA;0;50;3;NA;NA;NA;NA;NA;0;0;0;30;NA;0;0;0;0;0;500;0;0;0;0;0;0;0;0
Site 56;NA;74;0;6;NA;NA;0;NA;0;0;0;0;NA;200;0;0;0;0;NA;0;160;0;0;0;0;0;0;0
Site 57;NA;NA;NA;0;200;NA;100;NA;150;1000;NA;0;NA;NA;NA;NA;NA;NA;NA;NA;NA;NA;NA;NA;NA;NA;NA;NA
Site 58;NA;NA;NA;NA;2000;NA;2500;3780;150;1600;200;300;0;NA;70;0;0;130;36;NA;470;1410;122;109;120;45;774;1500
Site 59;NA;130;150;NA;NA;NA;NA;NA;NA;NA;NA;NA;NA;NA;NA;NA;NA;NA;NA;NA;NA;NA;NA;NA;NA;NA;NA;NA
Site 60;NA;NA;NA;NA;NA;NA;0;0;0;0;0;10;NA;NA;NA;NA;NA;NA;NA;NA;NA;NA;NA;NA;NA;NA;NA;NA
Site 61;NA;10;50;50;400;NA;100;100;50;880;50;250;0;NA;120;916;33;529;317;NA;400;1068;1450;1360;280;2560;545;153
Site 62;NA;NA;NA;30;0;NA;NA;NA;NA;NA;NA;NA;NA;NA;NA;NA;NA;NA;NA;NA;NA;NA;NA;NA;NA;NA;NA;NA
Site 63;NA;NA;NA;NA;NA;NA;NA;520;0;50;450;600;600;400;440;100;95;100;20;74;350;26;100;250;200;340;4;220
Site 64;NA;0;0;0;0;0;366;2170;872;220;6504;0;NA;1320;4250;450;2010;540;6900;7600;106;0;1120;2620;7350;2378;3150;474
Site 65;NA;NA;NA;NA;NA;NA;NA;418;NA;NA;NA;NA;NA;46;NA;NA;NA;NA;0;0;NA;NA;0;NA;0;0;NA;NA
Site 66;NA;NA;NA;0;NA;NA;NA;NA;NA;NA;NA;NA;NA;0;0;NA;NA;NA;NA;0;0;6;0;0;0;0;0;0
Site 68;NA;NA;NA;NA;NA;NA;NA;NA;NA;12;42;38;NA;0;NA;NA;NA;0;NA;NA;NA;0;NA;8;4;2;NA;0
Site 69;NA;NA;NA;NA;NA;NA;NA;NA;NA;16;36;43;NA;0;NA;NA;NA;0;NA;NA;NA;0;NA;NA;0;0;NA;0
Site 70;NA;NA;NA;NA;NA;NA;NA;NA;0;0;NA;NA;1;NA;NA;NA;NA;NA;NA;0;0;0;7;0;0;0;NA;NA
Site 71;NA;NA;0;0;0;0;0;0;70;300;30;450;60;300;8;66;150;0;0;0;8;0;6;12;5;4;4;14
Site 72;NA;NA;NA;NA;NA;NA;NA;NA;0;0;80;NA;0;NA;0;0;NA;0;0;NA;NA;NA;NA;NA;NA;0;0;0
Site 73;NA;NA;NA;0;NA;NA;NA;0;0;8;26;NA;167;167;108;20;1050;14;228;76;30;450;200;400;400;600;0;0
Site 74;NA;NA;60;58;0;0;0;123;0;0;1;120;NA;80;0;310;20;27;25;0;810;700;60;6;100;408;1300;200
Site 75;NA;0;0;NA;NA;NA;240;0;NA;0;500;6450;NA;4060;5900;4300;4950;2700;17300;9100;5205;1700;7510;3160;2945;1500;1010;82
Site 76;6688;87;1500;290;58;150;250;117;112;34;10;40;100;140;120;2;145;101;86;283;291;323;29;669;880;29;110;3356
Site 77;0;1105;0;NA;1200;1390;0;NA;1876;1876;260;7100;0;1950;NA;4319;3990;0;840;1693;885;755;321;57;62;104;0;20
Site 78;0;2;2;0;0;2;0;0;0;0;0;NA;0;0;0;0;0;0;30;0;0;0;0;0;0;0;16;0
Site 79;NA;1230;2850;254;162;135;825;97;50;6;105;0;320;NA;14;153;37;1300;200;121;155;260;22;386;63;1104;161;879
Site 80;NA;320;360;NA;279;1540;1270;1656;2060;580;2480;7130;NA;325;2900;60;25;460;1800;2210;3080;2250;2040;1740;860;390;570;6
Site 81;NA;NA;NA;NA;NA;NA;NA;NA;700;0;0;0;23;66;13;400;NA;NA;NA;0;NA;35;0;33;370;0;5;0
Site 82;0;0;660;7050;1603;8865;910;4290;725;3476;5350;10159;2481;510;2022;893;1545;2756;629;100;156;1023;1200;1964;210;173;124;3100
Site 83;NA;250;50;0;NA;NA;NA;NA;NA;0;110;0;NA;1800;0;200;120;172;0;1400;600;0;1700;0;0;18;0;0
Site 84;NA;NA;NA;NA;NA;NA;NA;NA;NA;0;NA;NA;NA;NA;NA;NA;NA;8;NA;NA;NA;NA;NA;NA;NA;16;0;0
Site 85;NA;NA;NA;NA;NA;NA;NA;NA;NA;6;NA;NA;NA;NA;NA;NA;NA;NA;NA;NA;NA;NA;NA;NA;NA;0;12;26
Site 86;NA;12;60;NA;0;162;1020;240;480;420;1800;520;NA;0;0;2180;150;120;40;750;4;872;0;0;1908;9924;4627;39
Site 87;0;43;2525;NA;150;2672;150;83;7025;511;4269;2034;1985;285;1130;277;1205;1690;1568;3801;352;2325;545;574;970;7906;1967;9000
Site 88;139;98;278;380;267;200;NA;NA;967;651;1040;563;1240;1032;912;709;1847;336;2300;1200;1320;560;672;660;620;220;180;395
Site 89;NA;NA;NA;NA;NA;NA;NA;NA;NA;0;2;6;NA;NA;NA;NA;NA;NA;NA;0;NA;NA;NA;NA;NA;NA;NA;NA
Site 90;NA;NA;NA;NA;NA;NA;NA;NA;NA;NA;NA;NA;NA;NA;NA;NA;NA;NA;NA;NA;NA;NA;NA;25;NA;NA;NA;NA
Site 91;NA;12;139;NA;NA;NA;NA;199;150;169;80;NA;2;NA;385;NA;NA;NA;NA;NA;NA;85;0;NA;NA;420;650;107
Site 92;0;0;0;0;0;NA;NA;NA;NA;0;NA;NA;NA;NA;NA;NA;NA;93;NA;NA;NA;NA;NA;NA;NA;0;0;28
Site 93;NA;NA;NA;NA;NA;NA;NA;NA;NA;16;800;0;NA;350;4;0;NA;0;0;500;60;0;NA;0;0;0;0;0
Site 94;NA;248;NA;NA;NA;NA;NA;NA;NA;NA;NA;NA;NA;NA;NA;NA;0;54;0;4;0;130;36;0;0;0;0;0
Site 95;NA;NA;NA;NA;NA;NA;NA;NA;NA;0;0;0;NA;0;0;0;0;0;0;0;17;0;0;0;0;0;0;0
Site 96;NA;NA;NA;NA;NA;NA;NA;NA;0;NA;NA;NA;NA;NA;NA;NA;NA;NA;NA;NA;NA;NA;6;43;4;NA;0;0
Site 97;NA;NA;0;0;NA;NA;60;NA;0;28;5;NA;NA;NA;10;0;0;0;0;0;0;0;0;0;0;0;0;0
Site 100;NA;8;NA;NA;NA;NA;NA;NA;0;0;50;67;40;30;NA;0;16;71;NA;23;NA;16;13;10;15;33;0;8
Site 101;NA;NA;NA;NA;NA;NA;NA;NA;NA;2;NA;NA;NA;NA;NA;NA;NA;11;33;NA;0;53;13;3;4;0;2;0
Site 103;NA;NA;NA;NA;NA;NA;NA;NA;NA;NA;NA;NA;NA;NA;NA;NA;NA;NA;NA;NA;NA;NA;NA;NA;NA;NA;0;351
Site 104;NA;NA;230;NA;NA;NA;NA;NA;NA;NA;90;60;70;110;NA;NA;NA;0;NA;NA;NA;420;NA;200;96;130;65;20
Site 105;NA;NA;NA;NA;NA;NA;NA;NA;NA;110;80;95;0;20;NA;NA;NA;0;NA;NA;NA;380;NA;0;0;37;16;30
Site 106;NA;NA;NA;NA;NA;NA;NA;NA;NA;72;80;NA;0;NA;NA;NA;NA;NA;NA;NA;NA;NA;NA;NA;NA;NA;NA;NA
Site 107;NA;NA;NA;NA;NA;NA;NA;NA;NA;49;NA;NA;NA;NA;NA;NA;NA;40;NA;NA;NA;NA;NA;NA;NA;NA;NA;NA
Site 108;NA;0;0;0;0;0;0;0;1150;127;5;2230;NA;1240;130;150;200;0;0;0;68;90;5950;0;0;0;0;0
Site 109;NA;0;66;NA;NA;NA;NA;0;0;20;0;NA;0;NA;60;NA;NA;NA;NA;NA;NA;40;0;NA;NA;40;0;100
Site 110;100;0;320;200;0;NA;NA;NA;520;1500;250;0;NA;0;3000;0;50;30;20;130;200;0;300;100;540;140;300;30
Site 111;NA;90;9000;700;NA;NA;NA;NA;6000;0;230;0;NA;22;1200;1170;0;NA;0;0;500;NA;2000;0;1000;0;0;0
Site 112;NA;0;NA;0;NA;NA;NA;NA;NA;0;2240;0;NA;0;0;0;0;0;200;0;0;0;70;0;0;0;0;0
Site 113;NA;NA;0;0;NA;NA;NA;NA;NA;0;0;0;NA;800;0;0;NA;54;0;0;120;0;0;0;0;0;0;0
Site 114;NA;NA;NA;NA;NA;NA;NA;NA;NA;0;0;0;NA;0;20;0;101;0;0;0;0;0;0;0;0;0;0;0
Site 115;NA;NA;NA;NA;NA;NA;NA;NA;30;NA;NA;NA;NA;NA;NA;NA;NA;NA;0;0;0;0;0;0;0;0;0;0
Site 116;NA;NA;40;NA;NA;NA;NA;NA;NA;0;0;6;NA;10;20;60;NA;2;0;200;50;NA;478;0;448;0;1464;0
Site 117;NA;NA;NA;NA;NA;NA;NA;NA;NA;NA;NA;NA;NA;NA;NA;NA;NA;NA;NA;NA;0;300;0;5;350;0;6;15
Site 127;NA;NA;NA;NA;NA;NA;NA;NA;NA;NA;NA;NA;NA;16;40;115;120;190;NA;61;4;112;212;29;14;16;97;5
Site 128;NA;NA;NA;NA;NA;NA;NA;NA;NA;NA;NA;NA;NA;NA;292;NA;492;360;171;31;850;216;848;87;286;308;NA;233
Site 129;NA;NA;NA;NA;NA;NA;NA;NA;NA;NA;NA;NA;NA;NA;NA;NA;NA;NA;NA;NA;NA;NA;NA;67;155;104;0;47
Site 132;NA;NA;NA;NA;NA;NA;NA;NA;NA;NA;NA;NA;NA;0;112;35;15;92;NA;0;0;0;0;60;0;0;22;118
Site 133;NA;NA;NA;NA;NA;NA;NA;NA;NA;NA;0;0;0;0;0;NA;NA;36;NA;0;0;0;0;0;0;3;48;1
Site 134;NA;NA;NA;NA;NA;NA;NA;NA;NA;NA;NA;NA;NA;NA;NA;NA;0;19;NA;0;0;0;0;0;52;NA;0;0
Site 135;0;0;0;0;0;0;0;0;0;0;0;0;0;0;0;NA;NA;NA;NA;NA;NA;NA;NA;23;0;0;64;0
Site 136;0;0;0;0;0;0;0;0;0;0;0;0;0;0;0;0;0;0;0;NA;NA;NA;NA;0;2;0;0;0
Site 137;0;0;0;0;0;0;0;0;0;0;NA;NA;NA;NA;0;0;33;43;6;0;38;0;45;14;10;0;0;0
Site 138;NA;NA;NA;NA;NA;NA;NA;NA;NA;NA;NA;NA;NA;NA;NA;NA;NA;58;40;NA;NA;0;NA;0;90;0;0;NA
Site 139;NA;NA;NA;NA;NA;NA;NA;NA;NA;NA;NA;NA;NA;NA;NA;NA;NA;NA;100;NA;0;0;NA;0;NA;NA;121;NA
Site 140;NA;NA;NA;NA;NA;NA;NA;NA;NA;NA;NA;NA;NA;NA;NA;NA;NA;100;0;NA;0;0;NA;0;0;10;25;450
Site 143;NA;NA;NA;NA;NA;NA;NA;NA;NA;NA;NA;NA;NA;NA;NA;NA;NA;100;0;NA;0;0;0;0;0;0;75;417
Site 148;NA;NA;NA;NA;NA;NA;NA;NA;NA;NA;NA;NA;NA;NA;NA;NA;NA;NA;NA;NA;NA;NA;NA;6;1;0;0;4
Site 149;NA;NA;NA;NA;NA;NA;NA;NA;NA;NA;NA;NA;NA;550;NA;NA;NA;120;30;11;NA;145;120;57;150;72;85;23
Site 150;NA;NA;NA;NA;NA;NA;NA;NA;NA;NA;NA;NA;NA;NA;NA;NA;NA;0;18;0;0;120;80;0;0;NA;NA;NA
Site 151;NA;0;4;800;503;NA;310;3306;770;4500;282;3300;36;NA;869;236;289;342;0;0;0;0;0;0;0;0;0;2
Site 152;NA;NA;NA;NA;NA;NA;NA;NA;NA;NA;NA;NA;NA;NA;NA;NA;NA;NA;NA;NA;55;340;128;0;NA;NA;0;0
Site 153;0;0;0;0;0;0;0;0;0;0;0;0;0;0;0;NA;4;0;0;NA;NA;NA;12;0;0;0;16;0
Site 155;NA;NA;NA;NA;NA;NA;NA;NA;NA;NA;1100;0;NA;NA;NA;NA;NA;NA;NA;0;NA;NA;0;0;0;0;0;0
Site 156;NA;NA;NA;NA;NA;NA;NA;NA;NA;NA;32;0;NA;0;NA;NA;0;0;0;NA;NA;NA;0;0;0;0;NA;NA
Site 157;NA;NA;NA;NA;NA;NA;NA;NA;NA;NA;NA;NA;NA;NA;NA;0;NA;800;NA;0;0;NA;0;0;0;0;0;0
Site 158;0;0;0;0;0;0;0;0;0;0;0;NA;0;NA;0;0;8;1050;0;NA;0;15;0;10;0;0;0;0
Site 159;0;0;0;0;0;0;0;0;0;0;0;NA;NA;NA;NA;NA;NA;NA;0;NA;NA;45;NA;0;0;0;0;0
Site 160;NA;NA;NA;NA;NA;NA;NA;NA;NA;NA;NA;NA;NA;NA;NA;NA;NA;NA;NA;NA;NA;NA;NA;13;5;16;47;103
Site 161;NA;NA;NA;NA;NA;NA;NA;NA;NA;NA;NA;NA;NA;NA;NA;NA;NA;NA;11;6;NA;NA;120;12;80;48;410;68
Site 162;NA;NA;NA;NA;NA;NA;NA;NA;NA;NA;NA;NA;NA;NA;NA;NA;NA;580;680;NA;850;NA;80;496;410;2884;1502;105
Site 164;NA;NA;NA;NA;NA;NA;NA;NA;NA;NA;NA;NA;NA;NA;NA;NA;NA;NA;NA;NA;NA;NA;NA;50;25;268;568;1191
Site 165;0;0;0;0;0;0;0;0;0;0;0;0;0;0;0;0;0;0;NA;NA;NA;NA;NA;0;23;0;0;6
Site 166;NA;NA;NA;NA;NA;NA;NA;NA;NA;NA;NA;NA;NA;NA;NA;NA;12;20;10;25;NA;NA;38;28;NA;NA;77;40
Site 167;NA;NA;NA;NA;NA;NA;NA;NA;NA;NA;NA;NA;NA;NA;NA;NA;80;0;4;0;NA;NA;110;30;NA;NA;45;65
Site 168;0;0;0;0;0;0;0;0;0;0;0;0;0;0;NA;NA;NA;NA;NA;NA;NA;NA;NA;0;2;8;0;73
Site 169;NA;NA;NA;NA;NA;NA;NA;NA;NA;NA;NA;NA;NA;NA;NA;NA;NA;NA;NA;NA;NA;NA;NA;2;0;0;2;3
Site 171;NA;NA;NA;NA;NA;NA;NA;NA;NA;NA;NA;NA;NA;NA;NA;NA;NA;NA;NA;NA;NA;NA;41;41;0;0;NA;NA
Site 172;NA;NA;NA;NA;NA;NA;NA;NA;NA;NA;NA;NA;NA;NA;NA;NA;NA;NA;NA;NA;NA;NA;4;4;0;11;NA;NA
Site 173;NA;NA;NA;NA;NA;NA;NA;NA;NA;0;0;NA;NA;NA;NA;NA;47;238;177;NA;200;123;36;77;468;532;300;1006
Site 174;NA;NA;NA;NA;NA;NA;NA;NA;NA;NA;NA;NA;NA;NA;NA;NA;NA;NA;147;NA;NA;NA;NA;55;0;0;0;0
Site 176;NA;NA;NA;NA;NA;NA;NA;NA;NA;NA;NA;NA;0;NA;0;NA;0;0;0;NA;0;2;0;0;0;0;0;0
Site 177;0;0;0;0;0;0;0;0;0;0;0;0;0;0;0;NA;NA;NA;NA;NA;41;52;NA;0;2;5;35;60
Site 178;NA;NA;NA;NA;NA;NA;NA;NA;NA;NA;NA;NA;NA;NA;240;NA;NA;NA;NA;NA;NA;NA;NA;0;0;NA;0;NA
Site 179;NA;NA;NA;NA;NA;NA;NA;NA;NA;NA;NA;NA;NA;NA;NA;NA;NA;NA;0;NA;NA;NA;NA;15;NA;NA;NA;NA
Site 180;NA;NA;NA;NA;NA;NA;NA;NA;NA;NA;NA;NA;NA;0;120;NA;NA;NA;NA;10;NA;NA;NA;0;0;0;0;0
Site 181;NA;NA;NA;NA;NA;NA;NA;NA;NA;NA;NA;0;NA;240;NA;NA;NA;NA;NA;NA;NA;NA;NA;0;NA;NA;0;NA
Site 182;NA;NA;NA;NA;NA;NA;NA;NA;NA;NA;NA;NA;NA;NA;NA;NA;8;36;0;2;NA;NA;0;0;0;0;8;29
Site 183;0;0;0;0;0;0;0;0;0;0;0;0;0;80;60;30;0;20;44;0;0;0;0;0;0;0;4;0
Site 184;0;0;0;0;0;0;0;0;0;0;0;0;0;0;0;NA;0;0;0;0;0;NA;0;20;0;0;0;0
Site 186;NA;NA;NA;NA;NA;NA;NA;NA;NA;NA;NA;NA;NA;NA;NA;NA;NA;NA;0;NA;NA;NA;NA;0;0;0;0;2
Site 189;NA;NA;NA;NA;NA;NA;NA;NA;NA;0;1080;292;NA;572;5600;10200;0;5;0;NA;4;NA;NA;0;NA;NA;NA;NA
Site 190;NA;NA;NA;NA;NA;NA;NA;NA;NA;NA;NA;NA;NA;NA;NA;NA;24;21;22;0;8;36;0;0;0;0;8;0
Site 191;NA;NA;NA;NA;NA;NA;NA;NA;NA;NA;NA;NA;NA;NA;NA;NA;19;26;40;40;16;24;0;22;0;6;17;0
Site 192;NA;NA;NA;NA;NA;NA;NA;NA;NA;NA;NA;NA;NA;NA;NA;NA;45;0;NA;50;0;0;0;0;0;13;22;24
Site 193;0;0;0;0;0;0;0;0;0;0;0;0;0;0;NA;NA;NA;NA;NA;NA;0;NA;25;0;0;0;0;0
Site 194;NA;NA;NA;NA;NA;NA;NA;NA;NA;NA;NA;NA;NA;NA;NA;NA;NA;NA;NA;246;0;NA;196;0;0;0;88;0
Site 195;NA;NA;NA;NA;NA;NA;NA;NA;NA;NA;NA;NA;NA;NA;NA;NA;NA;NA;NA;NA;NA;NA;NA;363;391;183;4681;123
Site 199;0;0;0;0;0;0;NA;NA;NA;NA;NA;NA;NA;NA;NA;NA;50;NA;NA;NA;NA;22;23;190;14;8;42;75
Site 200;NA;NA;NA;NA;NA;NA;NA;NA;NA;NA;NA;NA;NA;NA;NA;NA;87;NA;NA;NA;NA;0;0;2;5;0;10;10
Site 201;0;0;0;0;0;NA;NA;NA;NA;NA;NA;NA;NA;NA;NA;0;37;6;30;140;80;100;20;48;20;0;20;0
Site 202;NA;NA;NA;NA;NA;NA;NA;NA;NA;0;0;NA;NA;4;NA;NA;0;0;0;0;0;0;0;0;0;0;0;0
Site 204;0;0;0;0;0;0;0;0;0;0;0;0;0;0;0;0;0;0;0;0;0;10;0;42;0;0;0;250
Site 205;NA;NA;NA;NA;NA;NA;NA;NA;NA;NA;14;0;NA;0;NA;0;0;0;20;60;0;0;0;0;0;0;0;0
Site 206;NA;NA;NA;NA;NA;NA;NA;NA;NA;NA;NA;NA;NA;NA;NA;NA;NA;4;0;0;10;0;0;0;72;0;100;0
Site 207;NA;NA;NA;NA;NA;NA;NA;NA;NA;NA;NA;NA;128;106;NA;NA;NA;NA;NA;NA;NA;200;0;150;580;150;0;0
Site 208;NA;NA;NA;NA;NA;NA;NA;NA;NA;NA;NA;NA;190;110;NA;NA;NA;0;NA;NA;0;NA;NA;50;0;NA;NA;NA
Site 209;NA;NA;NA;NA;NA;NA;NA;NA;NA;NA;1000;NA;406;500;NA;NA;NA;NA;NA;NA;NA;NA;NA;150;0;0;0;0
Site 210;NA;NA;NA;NA;NA;NA;NA;NA;NA;NA;150;NA;600;168;NA;42;0;1755;0;NA;0;NA;NA;90;0;0;200;215
Site 211;NA;NA;NA;NA;NA;NA;NA;NA;NA;NA;NA;NA;13;19;NA;NA;NA;NA;0;NA;0;NA;40;100;0;17;NA;NA
Site 212;NA;NA;NA;NA;NA;NA;NA;NA;NA;NA;NA;NA;3;26;NA;NA;NA;NA;NA;NA;0;NA;0;100;0;NA;NA;NA
Site 213;NA;NA;NA;NA;NA;NA;NA;NA;NA;NA;NA;NA;80;70;NA;NA;NA;NA;0;NA;180;NA;0;289;0;NA;NA;NA
Site 214;NA;NA;NA;NA;NA;NA;NA;NA;NA;NA;NA;NA;120;45;NA;NA;NA;NA;NA;NA;NA;NA;0;125;0;NA;NA;NA
Site 215;NA;NA;NA;NA;NA;NA;NA;NA;NA;NA;160;120;60;0;NA;NA;NA;0;NA;NA;NA;NA;NA;0;0;0;1;0
Site 216;NA;NA;NA;NA;NA;NA;NA;NA;NA;NA;166;152;0;0;NA;NA;NA;0;NA;NA;NA;0;NA;0;0;NA;NA;NA
Site 218;0;0;0;0;0;0;0;0;0;0;0;0;0;0;0;0;0;0;0;0;0;0;0;2;NA;0;0;0
Site 219;NA;NA;NA;NA;NA;NA;NA;NA;NA;NA;NA;NA;NA;0;16;NA;0;0;0;0;0;50;18;16;0;0;0;0
Site 220;NA;NA;NA;NA;NA;NA;NA;NA;NA;NA;NA;NA;NA;NA;0;0;NA;NA;NA;0;0;0;64;0;0;0;0;0
Site 221;NA;NA;NA;NA;NA;NA;NA;NA;NA;NA;NA;NA;NA;NA;7;7;0;3;19;NA;33;43;43;26;34;45;18;18
Site 223;NA;NA;NA;NA;NA;NA;NA;NA;NA;NA;NA;NA;NA;NA;NA;NA;NA;0;0;NA;6;0;0;5;0;0;0;0
Site 224;NA;NA;NA;NA;NA;NA;NA;NA;NA;NA;NA;NA;NA;NA;0;31;0;42;NA;NA;31;0;0;0;0;5;0;2
Site 225;NA;NA;NA;NA;NA;NA;NA;NA;NA;NA;NA;NA;NA;NA;NA;NA;NA;NA;NA;NA;NA;NA;2;0;0;0;0;0
Site 226;0;0;0;0;0;0;0;0;0;0;0;0;0;0;0;0;0;0;13;NA;1;0;10;343;2;0;40;8
Site 228;NA;NA;NA;NA;NA;NA;NA;NA;NA;NA;0;0;0;NA;3650;NA;NA;NA;NA;0;0;7;4;0;0;0;0;NA
Site 229;NA;NA;NA;NA;NA;NA;NA;NA;NA;NA;24;0;0;6;0;NA;NA;300;0;0;0;0;0;50;0;0;NA;NA
Site 230;NA;NA;NA;NA;NA;NA;NA;NA;NA;NA;69;39;0;8;NA;NA;NA;34;37;167;10;61;36;4;4;0;NA;9
Site 231;NA;NA;NA;NA;NA;NA;NA;NA;NA;NA;28;17;0;NA;0;NA;NA;149;190;18;0;7;26;65;0;0;12;NA
Site 232;NA;NA;NA;NA;NA;NA;NA;NA;NA;NA;0;108;0;NA;NA;NA;NA;50;NA;0;NA;482;NA;240;60;109;0;NA
Site 233;NA;NA;NA;NA;NA;NA;NA;NA;NA;NA;124;220;0;NA;340;NA;560;2760;120;281;141;67;266;590;10;142;97;300
Site 237;NA;NA;NA;NA;NA;NA;NA;NA;NA;NA;NA;NA;NA;NA;NA;NA;NA;NA;NA;NA;NA;NA;NA;0;16;30;0;NA
Site 238;NA;NA;NA;NA;NA;NA;NA;NA;NA;NA;NA;NA;NA;NA;NA;NA;NA;NA;NA;100;278;0;NA;NA;112;0;2;0
Site 244;NA;NA;NA;NA;NA;NA;NA;NA;NA;NA;NA;NA;NA;NA;NA;NA;NA;NA;NA;NA;NA;NA;NA;NA;0;0;5;NA
Site 247;NA;NA;NA;NA;NA;NA;NA;NA;NA;NA;NA;NA;NA;NA;NA;NA;NA;NA;NA;NA;NA;NA;NA;NA;50;0;NA;NA
Site 249;0;0;0;0;0;0;0;0;0;0;0;0;0;0;0;0;0;0;NA;NA;NA;NA;NA;NA;170;45;0;150
Site 250;NA;NA;NA;NA;NA;NA;NA;NA;NA;NA;NA;NA;NA;NA;NA;NA;NA;NA;NA;NA;NA;NA;NA;NA;0;0;55;0
Site 251;NA;NA;NA;NA;NA;NA;NA;NA;NA;NA;NA;NA;NA;NA;NA;NA;NA;NA;NA;NA;NA;NA;NA;NA;550;913;577;107
Site 255;NA;NA;NA;NA;NA;NA;NA;NA;NA;NA;36;14;NA;NA;NA;NA;NA;NA;NA;NA;NA;NA;NA;NA;0;NA;NA;0
Site 256;NA;NA;NA;NA;NA;NA;NA;NA;NA;NA;NA;NA;NA;NA;NA;NA;NA;NA;NA;NA;NA;NA;NA;NA;78;13;60;144
Site 260;NA;NA;NA;NA;NA;NA;NA;NA;NA;NA;NA;NA;NA;NA;NA;NA;NA;NA;NA;NA;NA;NA;NA;NA;0;0;25;150
Site 261;0;0;0;0;0;0;0;0;0;NA;NA;NA;NA;NA;NA;NA;NA;NA;NA;NA;NA;NA;NA;NA;0;NA;0;400
Site 263;NA;NA;NA;NA;NA;NA;NA;NA;NA;NA;NA;NA;NA;NA;NA;NA;NA;NA;NA;NA;NA;NA;NA;NA;0;50;NA;NA
Site 264;NA;NA;NA;NA;NA;NA;NA;NA;NA;NA;NA;NA;NA;NA;NA;NA;NA;NA;NA;NA;NA;NA;33;NA;0;0;0;12
Site 265;NA;NA;NA;NA;NA;NA;NA;NA;NA;NA;NA;NA;NA;NA;NA;NA;NA;NA;NA;NA;NA;NA;NA;NA;35;30;16;0
Site 266;NA;NA;NA;NA;NA;NA;NA;NA;NA;NA;NA;NA;NA;NA;NA;NA;NA;NA;NA;NA;NA;NA;NA;NA;10;0;0;NA
Site 269;NA;NA;NA;NA;NA;NA;NA;NA;NA;NA;NA;NA;NA;NA;NA;NA;28;27;12;NA;23;NA;NA;NA;NA;NA;30;0
Site 270;NA;NA;NA;NA;NA;NA;NA;NA;NA;NA;NA;NA;NA;NA;NA;NA;15;NA;NA;NA;NA;NA;NA;NA;NA;NA;150;0
Site 273;NA;NA;NA;NA;NA;NA;NA;NA;NA;NA;4;0;20;0;0;NA;NA;NA;NA;NA;NA;NA;NA;NA;NA;NA;NA;NA
Site 274;NA;NA;NA;NA;NA;NA;NA;NA;NA;0;0;NA;NA;NA;NA;NA;NA;NA;NA;NA;0;NA;94;NA;NA;NA;NA;NA
Site 277;NA;NA;NA;NA;NA;NA;NA;NA;NA;NA;NA;NA;NA;NA;NA;NA;NA;164;110;NA;90;NA;NA;NA;NA;NA;NA;NA
Site 280;NA;NA;NA;NA;NA;NA;NA;NA;NA;NA;NA;NA;0;NA;NA;NA;NA;NA;NA;NA;NA;NA;NA;NA;NA;0;108;NA
Site 281;NA;NA;NA;NA;NA;NA;NA;NA;NA;NA;NA;NA;NA;NA;NA;NA;NA;60;NA;NA;NA;NA;NA;NA;NA;3;57;0
Site 282;NA;NA;NA;NA;NA;NA;NA;NA;NA;NA;NA;NA;NA;NA;NA;25;NA;NA;NA;0;NA;NA;NA;NA;NA;NA;NA;NA
Site 285;NA;NA;NA;NA;NA;NA;NA;NA;NA;NA;NA;NA;NA;NA;260;NA;260;NA;15;NA;0;NA;NA;NA;NA;150;100;109
Site 287;NA;NA;NA;NA;NA;NA;NA;NA;NA;NA;137;NA;NA;NA;NA;NA;16;14;NA;100;0;NA;NA;NA;NA;NA;NA;NA
Site 288;NA;NA;NA;NA;NA;NA;NA;NA;NA;NA;NA;NA;NA;NA;NA;NA;81;NA;NA;NA;NA;NA;NA;NA;NA;NA;NA;0
Site 289;0;0;0;0;0;0;0;0;0;0;0;0;0;0;0;0;0;0;0;0;0;4;NA;NA;NA;NA;NA;0
Site 290;NA;NA;NA;NA;NA;NA;NA;NA;NA;NA;NA;NA;NA;NA;NA;NA;NA;NA;NA;NA;NA;NA;0;NA;NA;0;NA;8
Site 293;NA;NA;NA;NA;NA;NA;NA;NA;NA;NA;NA;NA;NA;NA;NA;NA;NA;NA;NA;NA;NA;NA;0;NA;NA;NA;5;500
Site 297;NA;NA;NA;NA;NA;NA;NA;NA;NA;NA;NA;NA;NA;NA;NA;NA;NA;NA;NA;NA;NA;11;28;NA;NA;NA;15;10
Site 298;NA;NA;NA;NA;NA;NA;NA;NA;NA;NA;NA;NA;NA;NA;NA;NA;NA;NA;NA;NA;NA;4;0;NA;NA;NA;NA;NA
Site 299;NA;NA;NA;NA;NA;NA;NA;NA;NA;NA;NA;NA;NA;NA;NA;NA;NA;NA;NA;NA;NA;4;NA;NA;NA;NA;NA;0
Site 301;NA;NA;NA;NA;NA;NA;NA;NA;NA;NA;NA;NA;NA;NA;NA;NA;NA;NA;0;NA;NA;NA;NA;NA;NA;40;120;2
Site 302;0;0;0;0;0;0;0;0;0;0;0;0;0;0;NA;NA;NA;NA;14;12;NA;NA;NA;NA;NA;NA;NA;NA
Site 303;0;0;0;0;0;0;0;0;0;0;0;0;0;0;0;0;0;0;NA;NA;NA;NA;NA;NA;NA;12;0;NA
Site 305;NA;NA;NA;NA;NA;NA;NA;NA;NA;NA;NA;NA;NA;NA;NA;NA;NA;NA;NA;NA;NA;NA;NA;NA;NA;0;0;4
Site 310;NA;NA;NA;NA;NA;NA;NA;NA;NA;NA;NA;NA;NA;NA;NA;NA;NA;NA;NA;NA;NA;NA;NA;NA;NA;0;0;2
Site 311;NA;NA;NA;NA;NA;NA;NA;NA;NA;NA;NA;NA;NA;NA;NA;NA;NA;NA;NA;NA;NA;NA;NA;NA;NA;147;1627;59
Site 312;NA;NA;NA;NA;NA;NA;NA;NA;NA;NA;NA;NA;NA;NA;NA;NA;NA;NA;NA;NA;NA;NA;NA;NA;NA;45;80;0
Site 313;NA;NA;NA;NA;NA;NA;NA;NA;NA;NA;NA;NA;NA;NA;NA;NA;NA;NA;NA;NA;NA;NA;NA;NA;NA;4;0;0
Site 315;NA;NA;NA;NA;NA;NA;NA;NA;NA;NA;NA;NA;NA;NA;NA;NA;NA;NA;NA;NA;NA;NA;NA;NA;NA;12;0;4
Site 316;NA;NA;NA;NA;NA;NA;NA;NA;NA;NA;NA;NA;NA;NA;NA;NA;NA;NA;NA;NA;NA;NA;NA;NA;NA;8;73;16
Site 319;NA;NA;NA;NA;NA;NA;NA;NA;NA;NA;NA;NA;NA;NA;NA;NA;NA;NA;NA;NA;NA;NA;NA;NA;NA;10;0;0
Site 320;NA;NA;NA;NA;NA;NA;NA;NA;NA;NA;NA;NA;NA;NA;NA;NA;NA;NA;NA;NA;NA;NA;NA;NA;NA;0;0;1
Site 322;0;0;0;0;0;0;0;0;0;0;0;0;0;0;0;0;0;0;0;NA;NA;NA;NA;NA;NA;1;0;0
Site 324;NA;NA;NA;NA;NA;NA;NA;NA;NA;NA;NA;NA;NA;NA;NA;NA;NA;NA;NA;NA;NA;NA;NA;NA;NA;50;203;154
Site 325;0;0;0;0;0;0;0;0;0;0;0;0;0;0;NA;NA;NA;NA;NA;NA;NA;NA;NA;NA;NA;1;44;13
Site 326;NA;NA;NA;NA;NA;NA;NA;NA;NA;NA;NA;NA;NA;NA;NA;NA;NA;NA;NA;NA;NA;NA;NA;NA;NA;505;0;0
Site 327;NA;NA;NA;NA;NA;NA;NA;NA;NA;NA;NA;NA;NA;NA;NA;NA;NA;NA;NA;NA;NA;NA;NA;NA;NA;45;0;20
Site 328;NA;NA;NA;NA;NA;NA;NA;NA;NA;NA;NA;NA;NA;NA;NA;NA;NA;NA;NA;NA;NA;NA;NA;NA;NA;24;0;0
Site 329;NA;NA;NA;NA;NA;NA;NA;NA;NA;NA;NA;NA;NA;NA;NA;NA;NA;NA;NA;NA;NA;NA;NA;NA;NA;0;12;0
Site 331;NA;NA;NA;NA;NA;NA;NA;NA;NA;NA;NA;NA;NA;NA;NA;NA;NA;NA;NA;NA;NA;NA;NA;NA;NA;0;3;0
Site 333;0;0;0;0;0;0;0;0;0;0;0;0;0;0;0;0;0;0;0;0;NA;NA;NA;NA;NA;0;0;23
Site 337;0;0;0;0;0;0;0;0;0;0;0;0;0;0;0;NA;NA;NA;NA;NA;NA;NA;NA;NA;NA;8;800;606
Site 346;NA;NA;NA;NA;NA;NA;NA;NA;NA;NA;NA;NA;NA;NA;NA;NA;NA;NA;NA;NA;NA;NA;NA;NA;NA;NA;87;140
Site 348;NA;NA;NA;NA;NA;NA;NA;NA;NA;NA;NA;NA;NA;NA;NA;NA;NA;NA;NA;NA;NA;NA;NA;NA;NA;NA;0;3
Site 349;0;0;0;0;0;0;0;0;0;0;0;0;0;0;0;0;0;0;0;0;0;0;NA;NA;NA;NA;99;16
Site 351;NA;NA;NA;NA;NA;NA;NA;NA;NA;NA;NA;NA;NA;NA;NA;NA;NA;NA;NA;NA;NA;NA;NA;NA;NA;NA;0;92
Site 373;NA;NA;NA;NA;NA;NA;NA;NA;NA;NA;NA;NA;NA;NA;NA;NA;NA;NA;NA;NA;NA;NA;0;NA;962;273;0;299
Site 374;15427;NA;NA;NA;300;NA;NA;NA;NA;NA;NA;NA;NA;NA;NA;NA;NA;NA;3035;NA;1238;NA;NA;368;NA;NA;NA;NA
Site 375;12097;NA;NA;NA;NA;NA;NA;NA;NA;NA;NA;NA;NA;NA;NA;NA;NA;NA;NA;4650;153;NA;NA;0;NA;NA;1015;NA
Site 376;750;NA;NA;NA;NA;NA;NA;NA;NA;NA;NA;NA;NA;NA;NA;NA;NA;NA;55;NA;45;NA;NA;NA;NA;523;NA;NA
Site 377;4571;NA;NA;NA;NA;NA;NA;NA;NA;NA;NA;NA;NA;NA;NA;NA;NA;NA;NA;NA;1070;NA;NA;4225;NA;NA;NA;104
Site 378;NA;NA;NA;NA;NA;NA;NA;NA;NA;NA;NA;NA;NA;NA;NA;NA;NA;NA;NA;NA;NA;NA;221;NA;0;0;NA;10
Site 379;NA;NA;NA;NA;NA;NA;NA;NA;NA;NA;NA;NA;NA;NA;NA;NA;NA;NA;NA;NA;NA;NA;NA;5929;264;0;7;305
Site 380;NA;NA;NA;NA;NA;NA;NA;NA;NA;NA;NA;NA;NA;NA;NA;NA;NA;NA;NA;NA;NA;NA;NA;173;NA;NA;NA;0
Site 381;42;NA;NA;NA;NA;NA;NA;NA;NA;NA;NA;NA;NA;NA;NA;NA;NA;NA;NA;NA;NA;NA;NA;141;NA;NA;NA;15
Site 391;NA;NA;NA;NA;NA;NA;NA;NA;NA;NA;NA;NA;NA;NA;NA;NA;NA;777;237;NA;634;NA;NA;NA;1285;210;306;624
Site 393;NA;NA;NA;NA;NA;NA;NA;NA;NA;NA;NA;NA;NA;NA;NA;NA;NA;NA;44;NA;NA;NA;41;NA;NA;NA;53;236
Site 396;NA;NA;NA;NA;NA;NA;NA;NA;NA;NA;NA;NA;NA;NA;NA;63;40;42;52;16;21;30;NA;NA;NA;NA;NA;0
Site 402;NA;NA;NA;NA;NA;NA;NA;NA;NA;NA;NA;NA;NA;NA;NA;NA;NA;0;NA;0;0;0;177;0;NA;NA;NA;NA
Site 405;NA;NA;NA;NA;NA;NA;NA;NA;NA;NA;NA;NA;NA;NA;NA;4;107;0;NA;4;0;NA;0;NA;NA;NA;NA;NA
Site 406;NA;NA;NA;NA;NA;NA;NA;NA;NA;NA;NA;NA;NA;NA;NA;85;0;0;NA;0;1;NA;0;0;NA;NA;NA;NA
Site 407;NA;NA;NA;NA;NA;NA;NA;NA;NA;NA;NA;NA;NA;NA;NA;0;0;71;115;0;0;4;0;NA;NA;NA;NA;NA
Site 409;NA;NA;NA;NA;NA;NA;NA;NA;NA;NA;NA;NA;NA;NA;NA;55;4;0;242;20;0;124;161;NA;NA;NA;NA;NA
Site 411;NA;NA;NA;NA;NA;NA;NA;NA;NA;NA;NA;NA;NA;NA;NA;82;531;352;640;171;0;192;0;NA;NA;NA;NA;NA
Site 417;NA;NA;NA;NA;NA;NA;NA;NA;NA;NA;NA;NA;NA;NA;NA;0;5;4;0;0;0;0;NA;NA;NA;NA;NA;NA
Site 418;NA;NA;NA;NA;NA;NA;NA;NA;NA;NA;NA;NA;NA;NA;NA;NA;NA;0;32;0;0;0;NA;NA;NA;NA;NA;NA
Site 421;NA;NA;NA;NA;NA;NA;NA;NA;NA;NA;NA;NA;NA;NA;NA;0;6;NA;NA;0;0;0;NA;NA;NA;NA;NA;NA
Site 426;NA;NA;NA;NA;NA;NA;NA;NA;NA;NA;NA;NA;NA;NA;NA;0;80;0;0;0;0;NA;NA;NA;NA;NA;NA;NA
Site 427;NA;NA;NA;NA;NA;NA;NA;NA;NA;NA;NA;NA;NA;NA;NA;NA;20;65;NA;0;NA;0;NA;NA;NA;NA;NA;NA
Site 428;NA;NA;NA;NA;NA;NA;NA;NA;NA;NA;NA;NA;NA;NA;NA;29;12;54;55;75;17;30;NA;NA;NA;NA;NA;NA
Site 433;NA;NA;NA;NA;NA;NA;NA;NA;NA;NA;NA;NA;NA;NA;NA;0;NA;NA;NA;NA;NA;NA;16;NA;NA;NA;NA;NA
Site 434;NA;NA;NA;NA;NA;NA;NA;NA;NA;NA;NA;NA;NA;NA;NA;0;NA;0;0;0;0;7;0;0;0;NA;0;0
Site 435;NA;NA;NA;NA;NA;NA;NA;NA;NA;NA;NA;NA;NA;NA;NA;1;7;0;0;0;0;0;0;0;7;NA;NA;0
Site 437;NA;NA;NA;NA;NA;NA;NA;NA;NA;NA;NA;NA;NA;NA;NA;2;NA;0;NA;NA;0;NA;NA;NA;NA;NA;NA;NA
Site 438;NA;NA;NA;NA;NA;NA;NA;NA;NA;NA;NA;NA;NA;NA;NA;50;NA;30;30;73;2;33;26;NA;0;NA;NA;NA
Site 440;NA;NA;NA;NA;NA;NA;NA;NA;NA;NA;NA;NA;NA;NA;NA;NA;NA;NA;NA;NA;57;35;83;NA;NA;NA;NA;NA
Site 442;NA;NA;NA;NA;NA;NA;NA;NA;NA;NA;NA;NA;NA;NA;NA;NA;NA;NA;NA;NA;NA;20;70;0;76;253;137;0
Site 445;NA;NA;NA;NA;NA;NA;NA;NA;NA;NA;NA;NA;NA;NA;NA;NA;NA;NA;1;NA;NA;0;NA;NA;NA;NA;NA;NA
Site 448;NA;NA;NA;NA;NA;NA;NA;NA;NA;NA;NA;NA;NA;NA;NA;NA;NA;NA;105;178;NA;77;NA;NA;NA;NA;NA;NA
Site 454;NA;NA;NA;NA;NA;NA;NA;NA;NA;NA;NA;NA;NA;NA;NA;NA;NA;NA;NA;NA;2;0;NA;NA;NA;NA;NA;NA
Site 457;NA;NA;NA;NA;NA;NA;NA;NA;NA;NA;NA;NA;NA;NA;NA;NA;90;NA;40;0;NA;0;NA;NA;NA;NA;NA;NA
Site 464;NA;NA;NA;NA;NA;NA;NA;NA;NA;NA;NA;NA;NA;NA;NA;130;180;320;442;320;450;0;0;NA;NA;NA;NA;NA
Site 465;NA;NA;NA;NA;NA;NA;NA;NA;NA;NA;NA;NA;NA;NA;NA;NA;0;NA;0;72;0;0;0;NA;0;NA;NA;0
Site 467;NA;NA;NA;NA;NA;NA;NA;NA;NA;NA;NA;NA;NA;NA;NA;0;0;0;0;409;0;25;NA;NA;NA;NA;NA;NA
Site 468;NA;NA;NA;NA;NA;NA;NA;NA;NA;NA;NA;NA;NA;NA;NA;NA;NA;NA;NA;NA;40;20;NA;NA;NA;NA;NA;NA
Site 476;NA;NA;NA;NA;NA;NA;NA;NA;NA;NA;NA;NA;NA;NA;NA;NA;NA;0;1;NA;6;0;5;5;5;4;7;NA
Site 477;NA;NA;NA;NA;NA;NA;NA;NA;NA;NA;NA;NA;NA;NA;NA;0;NA;NA;NA;NA;2;NA;0;NA;NA;NA;NA;NA
Site 478;NA;NA;NA;NA;NA;NA;NA;NA;NA;NA;NA;NA;NA;NA;NA;NA;NA;NA;217;NA;0;161;209;NA;NA;11;NA;0
Site 479;NA;NA;NA;NA;NA;NA;NA;NA;NA;NA;NA;NA;NA;NA;NA;NA;NA;NA;NA;NA;NA;7;0;NA;NA;NA;NA;NA
Site 482;NA;NA;NA;NA;NA;NA;NA;NA;NA;NA;NA;NA;NA;NA;NA;NA;NA;NA;NA;NA;NA;NA;NA;125;NA;178;350;750
Site 485;2;0;NA;24;NA;NA;NA;NA;190;20;NA;7;NA;NA;NA;0;18;NA;0;20;NA;NA;NA;0;NA;NA;NA;NA
Site 486;NA;616;335;402;750;NA;NA;510;66;302;NA;184;30;55;850;67;67;173;1200;302;NA;632;NA;80;360;NA;NA;NA
Site 488;0;1;0;0;0;70;NA;34;0;0;NA;29;0;0;0;15;0;NA;400;0;NA;400;NA;0;87;NA;NA;NA
Site 490;50;96;52;83;26;1;NA;NA;84;125;NA;0;NA;14;44;NA;66;NA;0;125;NA;NA;NA;93;655;NA;NA;NA
Site 493;NA;NA;NA;4;NA;1;NA;0;NA;0;NA;0;0;0;3;0;0;0;0;0;0;0;0;0;0;0;0;9
Site 494;200;NA;5;46;380;4300;NA;0;2169;150;NA;NA;NA;NA;NA;NA;NA;NA;NA;NA;NA;NA;NA;NA;NA;NA;NA;NA
Site 496;NA;NA;20;139;NA;31;NA;NA;62;NA;NA;0;NA;NA;NA;NA;NA;NA;NA;NA;NA;NA;NA;NA;NA;NA;NA;NA
Site 497;NA;NA;NA;NA;NA;NA;NA;NA;NA;NA;NA;NA;NA;NA;NA;NA;NA;55;4;0;NA;NA;NA;24;NA;0;0;0
Site 498;NA;88;0;2908;7640;5370;NA;0;21;6000;NA;650;40;420;1000;6500;5500;13500;9200;1550;0;4500;65;0;NA;0;35;0
Site 499;NA;0;NA;4;NA;11;NA;NA;0;NA;NA;NA;NA;NA;NA;NA;NA;NA;NA;NA;NA;NA;NA;NA;NA;NA;NA;NA
Site 501;0;0;0;NA;NA;2;NA;NA;NA;NA;NA;NA;NA;NA;NA;NA;NA;NA;NA;NA;NA;NA;NA;NA;0;NA;NA;NA
Site 502;127;630;311;518;NA;531;NA;NA;NA;NA;NA;NA;NA;6;NA;NA;NA;NA;32;NA;NA;0;NA;150;17;NA;NA;67
Site 503;NA;6;NA;51;8;42;NA;NA;0;268;NA;172;124;5;139;25;45;0;699;450;0;576;520;900;621;67;NA;NA
Site 505;0;NA;765;2179;3230;780;NA;3440;2278;6110;NA;2600;6000;3900;3300;350;NA;0;600;0;0;NA;NA;145;0;NA;2;NA
Site 506;NA;0;NA;0;NA;0;NA;NA;NA;NA;NA;NA;NA;NA;NA;NA;NA;NA;NA;NA;NA;0;2;NA;31;2;NA;NA
Site 508;2;286;1640;2342;NA;810;NA;NA;0;704;NA;NA;NA;NA;NA;NA;NA;NA;NA;NA;NA;NA;NA;NA;0;NA;NA;NA
Site 509;NA;NA;NA;NA;NA;NA;NA;0;0;NA;NA;NA;NA;NA;0;NA;1;2;NA;0;NA;NA;NA;NA;0;NA;10;NA
Site 510;NA;0;NA;NA;0;NA;NA;NA;NA;NA;NA;NA;NA;NA;4;NA;NA;NA;NA;NA;0;NA;NA;NA;15;NA;NA;NA
Site 511;0;220;0;130;98;399;NA;NA;NA;NA;NA;NA;NA;NA;NA;NA;NA;NA;NA;NA;NA;NA;NA;NA;NA;NA;13;NA
Site 512;16;0;0;29;77;214;NA;70;NA;402;NA;0;10;110;6;24;310;150;NA;NA;NA;NA;NA;NA;2;111;6;NA
Site 513;NA;0;NA;0;35;NA;NA;NA;NA;170;NA;NA;NA;NA;NA;NA;NA;NA;NA;NA;NA;NA;NA;NA;NA;NA;NA;NA
Site 514;NA;NA;0;0;NA;NA;NA;NA;NA;NA;NA;NA;10;NA;0;NA;0;0;NA;2;0;0;NA;NA;NA;NA;NA;NA
Site 515;NA;740;45;129;70;NA;NA;NA;NA;NA;NA;NA;NA;NA;NA;NA;NA;NA;NA;700;NA;NA;NA;NA;512;NA;NA;NA
Site 516;0;NA;0;472;NA;57;NA;430;0;486;NA;0;1;500;0;NA;20;409;NA;0;0;0;NA;NA;0;1180;NA;0
Site 518;0;0;0;2;NA;0;NA;NA;NA;NA;NA;NA;NA;NA;NA;NA;NA;NA;NA;NA;NA;NA;NA;NA;NA;NA;NA;NA
Site 520;NA;120;33;4;NA;NA;NA;NA;NA;NA;NA;NA;NA;NA;NA;NA;NA;NA;NA;0;NA;NA;NA;NA;0;NA;NA;NA
Site 521;NA;4;NA;0;0;NA;NA;0;NA;NA;NA;NA;NA;NA;NA;NA;NA;NA;NA;NA;NA;NA;NA;NA;NA;NA;NA;NA
Site 522;NA;85;22;390;NA;656;NA;NA;150;NA;NA;NA;NA;NA;NA;NA;NA;NA;NA;NA;NA;NA;NA;NA;21;120;112;NA
Site 523;NA;26;0;12;12;151;NA;NA;0;NA;NA;NA;3;NA;NA;NA;NA;NA;NA;NA;NA;NA;NA;NA;NA;NA;NA;NA
Site 524;NA;NA;NA;NA;NA;24;NA;0;NA;0;NA;0;NA;0;NA;NA;NA;NA;NA;NA;NA;NA;NA;NA;NA;42;NA;60
Site 527;NA;NA;NA;NA;NA;4;NA;NA;NA;NA;NA;0;0;NA;0;0;2;0;0;0;NA;0;0;1;72;NA;15;12
Site 528;NA;NA;NA;NA;NA;0;NA;NA;NA;0;NA;NA;NA;NA;NA;NA;NA;NA;NA;NA;NA;0;NA;NA;0;NA;73;NA
Site 529;NA;NA;NA;NA;NA;NA;NA;NA;0;150;NA;12;0;0;1;0;32;0;6;0;0;2;0;0;0;0;0;0
Site 531;NA;0;0;NA;182;NA;NA;NA;NA;NA;NA;NA;NA;NA;NA;NA;NA;NA;NA;NA;NA;NA;NA;NA;NA;NA;0;NA
Site 532;NA;NA;NA;120;0;NA;NA;NA;NA;NA;NA;NA;NA;NA;NA;NA;NA;NA;NA;NA;NA;NA;NA;NA;NA;NA;NA;NA
Site 533;78;0;0;NA;43;0;NA;NA;0;NA;NA;0;NA;NA;14;110;0;NA;NA;0;NA;0;NA;0;NA;NA;NA;NA
Site 534;99;130;1;0;0;NA;NA;NA;NA;NA;NA;NA;NA;NA;NA;NA;NA;NA;NA;NA;NA;NA;NA;NA;NA;NA;0;NA
Site 535;5;0;3;0;0;0;NA;0;0;NA;NA;NA;NA;NA;0;NA;NA;NA;NA;NA;NA;NA;NA;NA;NA;NA;NA;NA
Site 536;0;1200;862;1936;1479;NA;NA;1560;NA;240;NA;450;0;130;110;0;550;106;540;1200;1800;110;0;0;0;610;NA;220
Site 537;NA;NA;NA;NA;NA;NA;NA;NA;0;0;NA;NA;6;0;0;0;0;0;0;0;0;9;0;0;0;50;0;0
Site 538;14;114;136;274;54;47;NA;13;NA;152;NA;0;NA;0;0;13;37;40;600;152;NA;378;NA;48;240;NA;NA;0
Site 539;3;1;2;84;NA;72;NA;NA;NA;NA;NA;NA;0;NA;NA;NA;NA;NA;28;NA;NA;0;NA;0;0;NA;NA;NA
Site 540;NA;NA;NA;NA;NA;NA;NA;0;NA;NA;NA;0;NA;NA;6;NA;NA;NA;230;NA;NA;284;NA;24;210;NA;NA;2
Site 542;88;108;156;16;38;190;NA;386;3;46;NA;32;NA;20;528;66;111;204;210;46;NA;0;NA;304;420;NA;NA;8
Site 543;NA;NA;NA;NA;NA;NA;NA;NA;NA;120;NA;45;0;0;0;0;4;0;0;0;0;0;0;0;0;0;0;0
Site 544;NA;0;NA;NA;0;NA;NA;2;0;0;NA;NA;NA;NA;NA;NA;0;0;NA;NA;NA;0;NA;0;NA;NA;0;NA
Site 545;NA;NA;NA;NA;NA;NA;NA;NA;0;2440;NA;65;0;120;12;1450;850;26;850;38;8;0;160;650;1100;950;450;131
Site 546;NA;110;NA;NA;NA;6;NA;NA;NA;NA;NA;NA;NA;NA;NA;NA;NA;NA;NA;NA;NA;NA;NA;NA;0;NA;NA;NA
Site 548;0;0;NA;NA;0;10;NA;0;NA;NA;NA;NA;NA;27;NA;NA;NA;NA;NA;NA;0;0;0;0;0;0;0;0
Site 549;187;346;6;80;0;200;NA;0;0;371;NA;200;90;10;31;7;1;1;9;6;30;46;4;0;0;0;0;10
Site 550;70;10;0;0;11;0;NA;0;NA;2;NA;165;0;130;580;NA;154;78;700;350;94;400;NA;490;73;91;123;77
Site 553;NA;NA;NA;NA;NA;NA;NA;0;NA;NA;NA;NA;NA;0;0;0;12;NA;0;0;NA;0;0;NA;NA;0;0;18
Site 559;0;0;0;535;200;90;NA;6;0;0;NA;0;0;0;0;0;0;0;0;0;0;0;0;0;0;0;0;1
Site 560;357;0;0;163;3105;320;NA;0;250;190;NA;220;2000;95;400;30;900;88;350;0;120;80;60;220;0;0;120;390
Site 561;NA;0;0;0;NA;0;NA;0;NA;0;NA;NA;NA;0;NA;0;NA;10;NA;NA;NA;NA;NA;445;850;2400;NA;600
Site 563;0;0;0;0;0;1;NA;0;10;0;NA;0;0;0;0;7;8;31;0;0;0;0;0;0;0;0;0;0
Site 564;180;0;0;0;0;10;NA;0;0;0;NA;0;0;0;0;0;0;0;NA;0;16;0;NA;0;0;NA;0;NA
Site 565;10;12;0;16;0;42;NA;0;0;24;NA;12;NA;NA;NA;24;36;NA;0;24;NA;75;NA;0;27;NA;NA;NA
Site 566;0;64;0;28;0;0;NA;0;0;6;NA;0;0;0;0;0;0;0;0;0;0;0;7;0;0;0;0;0
Site 567;NA;NA;NA;NA;20;0;NA;0;0;0;NA;4;2;0;0;0;85;130;4340;1850;43;9;326;5240;131;1600;410;359
Site 568;1100;850;636;1885;3346;1699;NA;5142;910;1870;NA;3300;1260;233;656;6750;2367;300;890;NA;90;320;NA;56;85;0;1804;878
Site 569;1377;2082;1051;960;1657;1060;NA;355;100;707;NA;40;434;550;17;806;1538;50;530;7800;50;136;33;152;80;26;29;22
Site 570;155;404;85;333;143;176;NA;130;0;400;NA;420;0;0;72;50;140;500;260;NA;320;1200;NA;800;530;102;0;90
Site 571;0;25;0;8;NA;0;NA;NA;NA;NA;NA;NA;NA;NA;NA;NA;NA;NA;NA;NA;NA;NA;NA;NA;NA;NA;NA;NA
Site 572;NA;NA;NA;NA;NA;NA;NA;570;NA;NA;NA;NA;NA;5250;NA;NA;NA;NA;NA;NA;1876;NA;NA;0;0;NA;NA;NA
Site 573;NA;17;NA;NA;NA;NA;NA;NA;NA;NA;NA;NA;NA;NA;NA;NA;NA;NA;NA;NA;NA;NA;NA;NA;NA;NA;5;NA
Site 574;2728;NA;1560;3611;1579;457;NA;NA;NA;NA;NA;NA;NA;NA;NA;1800;NA;NA;0;NA;NA;NA;NA;NA;NA;NA;NA;NA
Site 575;0;0;0;10;NA;0;NA;NA;907;0;NA;0;0;NA;NA;NA;0;NA;570;NA;NA;275;246;134;4500;225;460;800
Site 576;1710;5652;2141;6717;1965;2968;NA;556;70;3600;NA;650;2200;2050;1800;1800;5430;2335;2712;NA;NA;3086;NA;2400;3220;2800;680;600
Site 577;2000;300;2;30;856;0;NA;280;0;0;NA;800;780;3600;600;0;0;404;NA;NA;NA;500;700;1105;0;0;0;NA
Site 578;12;750;763;286;620;430;NA;0;0;0;NA;0;40;0;1;3500;750;14;0;NA;0;22;NA;670;840;32;100;20
Site 579;240;416;97;0;0;NA;NA;400;444;140;NA;74;900;0;200;NA;47;93;350;NA;NA;10;94;360;NA;NA;0;NA
Site 580;269;540;2377;955;10;420;NA;280;0;7250;NA;34;0;30;0;700;250;50;16;NA;0;120;NA;0;18;0;0;0
Site 581;240;NA;0;18;68;0;NA;NA;0;2;NA;0;4;0;NA;NA;NA;NA;NA;NA;NA;0;NA;NA;0;NA;0;NA
Site 582;9020;10960;2039;973;8904;1880;12360;2100;150;5000;5350;8000;13224;7100;22000;5002;7000;6650;4000;19000;9052;10000;10450;11400;8000;9000;2000;9600
Site 583;NA;NA;NA;NA;20;NA;NA;NA;NA;NA;NA;NA;NA;NA;40;NA;NA;NA;NA;NA;NA;NA;NA;NA;0;NA;NA;NA
Site 584;NA;NA;0;0;38;0;NA;0;0;39;NA;0;0;500;80;NA;0;1;0;0;NA;0;0;0;NA;0;18;NA
Site 586;NA;NA;NA;NA;NA;NA;NA;0;NA;NA;NA;NA;NA;0;0;0;0;NA;0;0;0;0;0;7;0;NA;0;0
Site 587;NA;NA;0;0;0;8;NA;NA;0;0;NA;NA;NA;NA;NA;NA;0;0;0;NA;NA;0;NA;NA;0;NA;NA;NA
Site 590;NA;NA;NA;NA;NA;NA;NA;16;NA;NA;NA;NA;NA;NA;0;12;NA;NA;NA;0;NA;3;0;NA;NA;0;0;0
Site 592;NA;NA;0;34;NA;0;NA;0;0;0;NA;0;0;0;NA;NA;NA;NA;NA;0;NA;NA;NA;NA;NA;NA;0;NA
Site 593;NA;32;NA;NA;14;0;NA;0;0;0;NA;0;0;0;0;11;0;9;0;10;0;4;1;0;6;0;0;0
Site 594;NA;49;30;116;4;12;NA;12;0;NA;NA;2;NA;0;0;0;0;0;18;NA;NA;0;NA;22;0;NA;NA;NA
Site 595;NA;4;66;3;69;2;NA;0;NA;NA;NA;NA;NA;NA;NA;NA;NA;NA;0;NA;NA;NA;NA;NA;NA;NA;NA;NA
Site 596;NA;NA;0;0;NA;0;NA;0;2100;NA;NA;NA;NA;NA;NA;NA;NA;NA;NA;NA;NA;NA;NA;NA;NA;NA;NA;NA
Site 600;657;4251;477;267;1558;100;NA;6;0;0;NA;6;4;56;950;534;798;675;872;1175;562;600;NA;3500;450;250;2716;1070
Site 601;150;0;0;118;NA;88;NA;38;0;0;NA;0;46;0;0;0;23;NA;0;89;179;43;NA;NA;0;NA;NA;NA
Site 602;NA;NA;0;726;444;0;NA;12;0;451;NA;2;398;6;220;40;40;294;300;NA;NA;480;NA;143;45;138;252;280
Site 603;20;0;NA;183;NA;0;NA;0;62;10;NA;65;NA;140;1100;0;320;28;650;1450;2100;2320;0;72;0;75;0;3500
Site 604;0;25;0;0;0;0;NA;0;650;NA;NA;0;0;0;0;NA;NA;NA;NA;0;NA;NA;NA;NA;NA;NA;NA;NA
Site 605;0;17;0;0;NA;NA;NA;NA;NA;NA;NA;0;NA;NA;NA;NA;NA;NA;NA;NA;NA;NA;NA;NA;NA;NA;NA;NA
Site 606;NA;0;0;NA;NA;NA;NA;NA;NA;NA;NA;NA;NA;NA;NA;NA;NA;NA;111;NA;NA;0;NA;NA;NA;NA;NA;NA
Site 610;NA;NA;NA;NA;NA;NA;NA;NA;NA;NA;NA;NA;NA;NA;NA;NA;NA;NA;NA;NA;NA;NA;NA;0;1;NA;NA;NA
Site 612;NA;NA;NA;NA;NA;NA;NA;NA;NA;NA;NA;290;NA;200;NA;NA;NA;NA;300;NA;NA;500;NA;NA;2;NA;NA;2
Site 613;NA;NA;NA;NA;NA;NA;NA;NA;NA;NA;NA;NA;NA;NA;NA;NA;NA;0;0;13;0;NA;NA;NA;NA;NA;0;0
Site 615;NA;NA;NA;NA;NA;NA;NA;NA;NA;NA;NA;NA;NA;NA;NA;NA;NA;2;0;0;0;0;NA;0;NA;0;0;0
Site 616;0;0;0;0;0;0;0;0;0;0;0;0;0;0;0;NA;NA;30;22;11;75;45;55;82;NA;0;NA;18
Site 617;0;0;0;0;0;NA;NA;NA;NA;NA;NA;NA;NA;NA;NA;NA;NA;54;104;6;68;63;70;60;NA;28;162;160
Site 618;NA;NA;NA;NA;NA;NA;NA;NA;NA;NA;NA;NA;NA;NA;NA;NA;NA;20;0;7;22;17;20;14;NA;0;0;20
Site 620;NA;NA;NA;NA;NA;NA;NA;NA;NA;NA;NA;NA;NA;NA;NA;NA;NA;10;49;2;0;2;18;55;NA;49;130;10
Site 622;0;0;0;0;0;0;0;0;0;NA;NA;NA;NA;NA;NA;NA;NA;8;8;6;0;0;NA;35;NA;NA;0;0
Site 623;NA;NA;NA;NA;NA;NA;NA;NA;NA;NA;NA;NA;NA;NA;NA;NA;NA;95;25;5;0;0;14;19;NA;24;0;0
Site 625;NA;NA;NA;NA;NA;NA;NA;NA;NA;NA;NA;NA;NA;NA;NA;NA;NA;45;0;25;0;0;NA;NA;NA;0;NA;0
Site 626;NA;NA;NA;NA;NA;NA;NA;NA;NA;NA;NA;NA;NA;NA;NA;NA;NA;20;0;0;0;0;NA;6;NA;0;25;0
Site 627;NA;NA;NA;NA;NA;NA;NA;NA;NA;NA;NA;NA;NA;NA;NA;NA;NA;0;0;3;0;0;NA;NA;NA;0;0;0
Site 628;NA;NA;NA;NA;NA;NA;NA;NA;NA;NA;NA;NA;NA;NA;NA;NA;NA;0;0;0;0;0;0;0;NA;0;0;16
Site 631;NA;NA;NA;NA;NA;NA;NA;NA;NA;NA;NA;NA;NA;NA;NA;NA;NA;80;0;9;0;0;NA;0;NA;0;0;0
Site 634;NA;NA;NA;NA;NA;NA;NA;NA;NA;NA;NA;NA;NA;NA;NA;NA;NA;NA;22;NA;NA;16;NA;NA;NA;NA;NA;NA
Site 635;NA;NA;NA;NA;NA;NA;NA;NA;NA;NA;NA;NA;NA;NA;NA;NA;NA;NA;NA;30;NA;NA;NA;NA;0;NA;NA;NA
Site 636;0;0;0;0;0;0;0;NA;NA;NA;NA;NA;NA;NA;NA;NA;NA;NA;NA;NA;NA;NA;NA;NA;0;80;55;NA
Site 637;0;0;NA;NA;NA;NA;NA;NA;NA;NA;NA;NA;NA;NA;NA;NA;NA;NA;NA;NA;NA;NA;NA;NA;12;NA;NA;0
Site 638;0;0;0;0;0;0;0;0;0;0;0;0;0;0;0;NA;NA;NA;NA;NA;NA;NA;NA;NA;402;253;378;71
Site 640;0;0;0;0;0;0;0;NA;NA;NA;NA;NA;NA;NA;NA;NA;NA;NA;NA;NA;NA;NA;NA;NA;4;0;0;NA
Site 641;NA;NA;NA;NA;NA;NA;NA;NA;NA;NA;NA;NA;NA;NA;NA;NA;NA;NA;NA;NA;NA;NA;NA;NA;8;60;0;0
Site 642;NA;NA;NA;NA;NA;NA;NA;NA;NA;NA;NA;NA;NA;120;350;0;0;NA;NA;27;NA;NA;NA;NA;NA;NA;NA;NA
Site 644;NA;NA;NA;NA;NA;NA;NA;NA;NA;NA;NA;NA;NA;NA;NA;NA;NA;NA;NA;NA;NA;NA;NA;NA;0;362;NA;NA
Site 648;NA;NA;NA;NA;NA;NA;NA;NA;NA;NA;NA;NA;NA;NA;NA;NA;NA;NA;NA;NA;NA;NA;NA;NA;NA;9;0;5
Site 649;NA;NA;NA;NA;120;NA;NA;NA;NA;NA;NA;NA;NA;490;NA;NA;0;0;0;340;0;61;0;35;NA;8;0;24
Site 650;NA;NA;NA;NA;NA;NA;NA;NA;NA;NA;NA;NA;0;1;NA;NA;0;0;NA;NA;NA;NA;NA;NA;NA;NA;NA;0
Site 652;2;0;NA;NA;NA;NA;NA;NA;NA;NA;NA;NA;0;NA;NA;NA;NA;NA;NA;NA;NA;NA;NA;NA;NA;NA;NA;NA
Site 654;0;0;0;0;0;0;NA;NA;NA;NA;NA;NA;40;30;NA;NA;NA;NA;NA;NA;NA;NA;NA;NA;NA;NA;NA;NA
Site 655;NA;NA;NA;NA;NA;NA;NA;NA;NA;NA;NA;NA;4;0;NA;NA;NA;NA;NA;NA;NA;NA;NA;NA;NA;NA;NA;NA
Site 656;NA;NA;NA;NA;NA;NA;NA;NA;NA;NA;NA;NA;NA;0;NA;NA;2;NA;NA;NA;NA;NA;NA;NA;NA;NA;NA;2
Site 657;NA;NA;0;NA;NA;NA;NA;500;NA;NA;NA;NA;NA;20;NA;2;0;NA;0;48;0;0;0;14;16;2;0;0
Site 658;NA;NA;NA;NA;NA;NA;NA;NA;NA;NA;NA;NA;NA;0;NA;0;NA;0;18;10;8;8;0;0;1;38;12;0
Site 659;27;920;420;54;400;NA;NA;NA;NA;NA;NA;NA;NA;39;NA;3600;NA;0;249;261;0;420;1825;17;699;168;80;20
Site 660;NA;NA;NA;NA;NA;NA;NA;NA;NA;NA;NA;NA;NA;0;NA;63;NA;NA;NA;NA;NA;NA;NA;NA;NA;NA;NA;NA
Site 662;0;0;NA;0;0;NA;NA;NA;NA;NA;NA;NA;0;NA;NA;0;0;NA;1;0;NA;NA;0;0;0;0;NA;0
Site 664;0;NA;NA;NA;0;NA;NA;NA;NA;NA;NA;NA;NA;NA;NA;NA;0;NA;0;2;NA;NA;0;0;0;0;NA;0
Site 665;NA;NA;NA;NA;NA;NA;NA;NA;NA;NA;NA;NA;NA;0;NA;NA;0;0;0;NA;500;NA;0;12;0;60;42;0
Site 666;0;110;0;0;0;NA;NA;200;NA;NA;NA;NA;NA;150;NA;100;170;NA;0;451;620;0;0;0;120;0;150;0
Site 667;0;NA;NA;NA;NA;NA;NA;NA;NA;NA;NA;NA;8;0;NA;NA;NA;NA;NA;NA;NA;NA;0;0;0;NA;NA;NA
Site 668;36;24;90;40;20;NA;NA;170;NA;NA;NA;NA;700;0;NA;2;22;NA;0;301;62;80;0;0;0;40;0;0
Site 669;0;NA;0;0;0;20;NA;75;NA;NA;NA;NA;NA;9;NA;30;NA;NA;0;0;102;83;0;0;2;45;0;0
Site 670;NA;NA;NA;NA;NA;NA;NA;NA;NA;NA;NA;NA;NA;40;NA;NA;16;0;0;NA;50;NA;5;2;0;0;6;0
Site 671;NA;NA;NA;NA;NA;NA;NA;NA;NA;NA;NA;NA;NA;0;NA;NA;NA;NA;NA;NA;6;NA;0;0;0;20;1;NA
Site 672;NA;NA;NA;NA;NA;NA;NA;NA;NA;NA;NA;NA;7;NA;NA;NA;NA;NA;NA;NA;NA;NA;NA;0;0;0;NA;0
Site 673;NA;NA;NA;NA;NA;NA;NA;NA;NA;NA;NA;NA;769;190;NA;130;220;NA;27;890;615;3130;59;105;200;0;2;0
Site 676;NA;NA;NA;NA;NA;NA;NA;NA;NA;NA;NA;NA;389;40;NA;50;0;0;0;441;133;NA;140;50;574;15;64;NA
Site 678;NA;0;0;0;0;NA;NA;NA;NA;NA;NA;NA;NA;NA;NA;0;0;NA;0;7;NA;NA;0;0;NA;0;NA;NA
Site 679;7;4;0;0;0;NA;NA;NA;NA;NA;NA;NA;NA;15;NA;68;68;NA;6;103;15;70;NA;53;177;0;0;0
Site 680;NA;NA;NA;NA;NA;NA;NA;NA;NA;NA;NA;NA;171;NA;NA;4;7;NA;0;61;NA;NA;NA;NA;NA;NA;NA;NA
Site 681;NA;NA;NA;NA;NA;NA;NA;NA;NA;NA;NA;NA;61;30;NA;22;NA;28;21;0;78;NA;5;31;0;14;NA;NA
Site 682;0;0;0;0;0;NA;NA;NA;NA;NA;NA;NA;NA;0;NA;0;0;17;0;48;59;62;NA;NA;NA;NA;70;50
Site 684;NA;NA;NA;NA;NA;NA;NA;NA;NA;NA;NA;NA;NA;NA;NA;NA;500;42;NA;0;NA;NA;1;0;NA;0;NA;NA
Site 685;NA;NA;NA;NA;NA;NA;NA;NA;NA;NA;NA;NA;NA;NA;NA;NA;NA;NA;NA;NA;NA;NA;110;NA;6;0;0;0
Site 686;NA;0;200;180;NA;NA;NA;NA;NA;NA;NA;NA;NA;NA;NA;NA;NA;NA;NA;NA;0;183;NA;0;0;0;NA;NA
Site 687;NA;NA;NA;NA;NA;NA;NA;NA;NA;NA;NA;NA;NA;NA;NA;NA;NA;NA;NA;NA;NA;NA;0;0;0;5;0;0
Site 688;NA;NA;37;NA;NA;NA;NA;NA;NA;NA;NA;NA;NA;0;NA;NA;NA;NA;NA;NA;NA;NA;NA;NA;NA;0;0;0
Site 689;NA;96;NA;170;NA;NA;NA;NA;NA;NA;NA;NA;NA;50;NA;NA;NA;NA;NA;NA;NA;NA;NA;0;0;120;0;30
Site 691;50;5880;0;0;NA;NA;NA;NA;NA;NA;NA;NA;NA;200;NA;NA;NA;NA;NA;NA;0;NA;NA;0;NA;NA;NA;35
Site 692;NA;NA;NA;NA;NA;NA;NA;NA;NA;NA;NA;NA;3;32;NA;NA;145;748;89;0;108;30;NA;145;185;0;0;0
Site 693;0;NA;NA;NA;NA;NA;NA;NA;NA;NA;NA;NA;NA;NA;NA;NA;180;0;0;0;0;NA;0;NA;0;55;0;0
Site 695;NA;NA;NA;NA;NA;NA;NA;NA;NA;NA;NA;NA;NA;NA;NA;NA;0;NA;0;85;NA;NA;0;2;0;0;0;0
Site 696;NA;NA;NA;NA;NA;NA;NA;NA;NA;NA;NA;NA;NA;195;NA;NA;0;NA;NA;NA;NA;NA;NA;NA;NA;NA;0;NA
Site 697;NA;NA;NA;NA;NA;NA;NA;NA;NA;NA;NA;NA;0;0;NA;0;0;364;0;2;0;0;0;0;0;0;0;0
Site 698;NA;NA;0;170;0;NA;NA;NA;NA;NA;NA;NA;NA;0;NA;0;0;0;0;0;0;0;0;0;0;0;4;0
Site 699;0;NA;NA;NA;NA;NA;NA;NA;NA;NA;NA;NA;NA;NA;NA;NA;NA;NA;0;NA;0;NA;230;NA;NA;0;NA;NA
Site 701;0;0;NA;NA;834;NA;NA;NA;NA;NA;NA;NA;NA;NA;NA;NA;NA;NA;0;NA;NA;NA;0;NA;NA;NA;NA;NA
Site 702;8112;3200;3550;2230;410;NA;NA;0;NA;NA;NA;NA;NA;40;NA;48;NA;NA;0;0;80;NA;3;0;NA;0;0;NA
Site 703;NA;NA;NA;NA;NA;NA;NA;NA;NA;NA;NA;NA;37;NA;NA;NA;NA;NA;40;93;NA;NA;NA;NA;NA;0;7;NA
Site 704;562;388;3920;1450;NA;200;NA;3390;500;NA;NA;NA;356;1590;NA;1700;6399;402;1158;10944;1886;NA;105;2445;4604;4182;2409;13
Site 705;NA;NA;98;0;0;NA;NA;NA;NA;NA;NA;NA;NA;NA;NA;NA;0;0;0;0;0;NA;0;0;12;1;0;0
Site 706;60;0;0;0;0;NA;NA;NA;NA;NA;NA;NA;NA;NA;NA;NA;NA;NA;NA;NA;NA;NA;0;2;NA;0;0;0
Site 707;0;10;850;0;895;NA;NA;NA;NA;NA;NA;NA;3;NA;NA;NA;101;NA;841;1066;191;60;50;505;34;470;116;1111
Site 708;0;590;0;32;0;NA;NA;NA;NA;NA;NA;NA;NA;NA;NA;NA;0;0;8;15;0;NA;0;0;0;0;0;0
Site 709;NA;NA;NA;NA;NA;NA;NA;NA;NA;NA;NA;NA;NA;0;NA;NA;0;NA;0;0;0;274;0;2;23;15;0;0
Site 710;NA;NA;NA;NA;NA;NA;NA;NA;NA;NA;NA;NA;NA;15;NA;NA;NA;NA;NA;15;0;0;NA;283;327;351;258;233
Site 711;NA;NA;NA;NA;NA;NA;NA;NA;NA;NA;NA;NA;NA;NA;NA;NA;NA;NA;0;NA;NA;NA;NA;NA;NA;NA;8;0
Site 712;NA;NA;NA;NA;NA;NA;NA;NA;NA;NA;NA;NA;NA;NA;NA;NA;34;38;6;65;0;NA;6;0;0;0;0;0
Site 713;600;90;NA;2500;NA;500;NA;NA;NA;NA;NA;NA;NA;0;NA;33;NA;153;NA;0;0;0;0;0;0;NA;0;NA
Site 714;NA;1800;NA;700;20;NA;NA;NA;NA;NA;NA;NA;NA;0;NA;NA;260;0;440;196;55;45;35;83;25;60;57;137
Site 715;NA;NA;0;NA;0;NA;NA;NA;NA;NA;NA;NA;0;NA;NA;NA;8;3;0;17;0;NA;0;0;10;0;0;0
Site 717;NA;NA;NA;NA;NA;NA;NA;NA;NA;NA;NA;NA;NA;0;NA;NA;NA;0;0;NA;18;NA;0;0;0;0;21;0
Site 718;NA;NA;NA;NA;NA;NA;NA;NA;NA;NA;NA;NA;NA;NA;NA;NA;NA;NA;NA;NA;NA;NA;4;0;0;1;0;0
Site 721;NA;370;NA;NA;NA;NA;NA;NA;NA;NA;NA;NA;NA;NA;NA;NA;0;0;NA;NA;NA;NA;NA;NA;NA;NA;NA;NA
Site 723;120;0;42;150;900;NA;NA;NA;NA;NA;NA;NA;104;240;NA;342;370;843;596;647;1274;439;70;163;427;6;50;2
Site 724;NA;NA;4;NA;NA;NA;NA;NA;NA;NA;NA;NA;NA;NA;NA;40;0;NA;NA;NA;NA;NA;NA;0;1620;0;NA;0
Site 726;0;NA;NA;0;NA;NA;NA;NA;NA;NA;NA;NA;NA;0;NA;NA;30;NA;20;NA;NA;NA;NA;11430;NA;290;0;5360
Site 729;NA;NA;NA;NA;NA;NA;NA;NA;NA;NA;NA;NA;NA;9;NA;NA;0;NA;NA;NA;NA;NA;NA;NA;NA;NA;NA;NA
Site 730;8;10;NA;NA;NA;NA;NA;NA;NA;NA;NA;NA;NA;NA;NA;NA;NA;NA;NA;NA;NA;NA;NA;0;NA;NA;NA;NA
Site 731;NA;NA;NA;NA;NA;NA;NA;NA;NA;NA;NA;NA;NA;0;NA;NA;450;816;300;1100;0;0;276;3;0;176;0;0
Site 732;220;80;NA;140;20;NA;NA;NA;NA;NA;NA;NA;NA;NA;NA;NA;NA;NA;NA;NA;NA;NA;NA;NA;NA;NA;0;0
Site 734;80;0;100;NA;0;NA;NA;NA;NA;NA;NA;NA;NA;NA;NA;NA;140;NA;NA;NA;NA;NA;NA;NA;25;0;NA;0
Site 736;90;580;3100;300;410;50;NA;NA;NA;NA;NA;NA;NA;NA;NA;NA;NA;NA;NA;NA;300;NA;1900;0;502;1731;534;0
Site 737;194;150;250;500;600;NA;NA;NA;NA;NA;NA;NA;NA;12;NA;NA;25;0;5;0;61;NA;6;0;0;0;0;0
Site 738;1500;354;NA;1350;NA;10000;NA;0;NA;NA;NA;NA;NA;206;NA;NA;74;1170;0;0;NA;0;NA;0;400;NA;NA;NA
Site 739;0;0;NA;300;12;0;NA;NA;NA;NA;NA;NA;NA;0;NA;NA;NA;NA;NA;NA;NA;NA;NA;0;0;NA;NA;50
Site 741;NA;40;0;NA;NA;NA;NA;NA;NA;NA;NA;NA;NA;NA;NA;NA;NA;NA;NA;NA;NA;NA;0;0;0;NA;0;0
Site 742;NA;NA;NA;NA;NA;NA;NA;NA;NA;NA;NA;NA;NA;NA;NA;NA;12;NA;NA;NA;NA;200;0;NA;NA;NA;NA;NA
Site 743;NA;0;NA;NA;200;NA;NA;NA;NA;NA;NA;NA;NA;NA;NA;NA;NA;NA;NA;NA;NA;NA;NA;NA;NA;NA;NA;NA
Site 744;230;0;0;80;10;3000;NA;NA;NA;NA;NA;NA;NA;350;NA;4910;1219;NA;1373;9200;2050;NA;9200;7400;11560;17100;27646;81950
Site 746;0;NA;0;80;70;NA;NA;NA;NA;NA;NA;NA;NA;0;NA;NA;0;2856;0;0;0;NA;355;0;NA;0;0;1720
Site 747;0;0;540;0;65;NA;NA;NA;NA;NA;NA;NA;NA;NA;NA;NA;NA;NA;0;35;0;700;0;NA;29;650;25;NA
Site 748;NA;NA;NA;NA;NA;NA;NA;NA;NA;NA;NA;NA;NA;10;NA;NA;1;NA;480;324;28;52;668;520;178;92;16;4
Site 750;NA;NA;NA;NA;NA;NA;NA;NA;NA;NA;NA;NA;NA;NA;NA;NA;0;NA;NA;0;NA;0;0;0;7;NA;0;0
Site 752;500;800;200;700;330;NA;NA;NA;NA;NA;NA;NA;NA;0;NA;NA;NA;0;33;22;0;7;NA;0;0;0;NA;NA
Site 753;NA;NA;NA;NA;NA;NA;NA;NA;NA;NA;NA;NA;NA;9;NA;NA;13;47;123;80;38;145;NA;47;4;36;34;58
Site 754;NA;NA;NA;NA;NA;NA;NA;NA;NA;NA;NA;NA;NA;277;NA;NA;491;130;446;377;282;190;46;29;0;0;52;0
Site 755;NA;NA;NA;NA;NA;NA;NA;NA;NA;NA;NA;NA;NA;95;NA;NA;312;161;NA;0;NA;0;0;0;0;NA;0;0
Site 756;NA;NA;NA;NA;NA;NA;NA;NA;NA;NA;NA;NA;NA;NA;NA;NA;0;14;NA;NA;NA;NA;NA;0;0;0;0;0
Site 758;NA;NA;NA;NA;NA;NA;NA;NA;NA;NA;NA;NA;NA;0;NA;NA;160;0;NA;NA;0;55;NA;0;16;30;1;23
Site 762;NA;NA;NA;NA;NA;NA;NA;NA;NA;NA;NA;NA;NA;NA;NA;NA;NA;NA;0;1171;2;NA;1874;0;204;0;895;NA
Site 763;NA;NA;NA;NA;NA;NA;NA;NA;NA;NA;NA;NA;NA;NA;NA;NA;NA;NA;NA;NA;NA;NA;6;0;NA;3;6;0
Site 764;NA;NA;NA;NA;NA;NA;NA;NA;NA;NA;NA;NA;NA;NA;NA;NA;NA;NA;NA;NA;NA;NA;NA;0;NA;0;0;48
Site 766;NA;NA;NA;NA;NA;NA;NA;NA;NA;NA;NA;NA;NA;NA;NA;NA;NA;NA;NA;NA;0;NA;NA;13;NA;0;0;NA
Site 768;NA;NA;NA;NA;NA;NA;NA;NA;NA;NA;NA;NA;NA;NA;NA;NA;NA;NA;NA;NA;NA;NA;NA;0;NA;0;0;2080
Site 770;NA;NA;NA;NA;NA;NA;NA;NA;NA;NA;NA;NA;NA;NA;NA;NA;NA;NA;NA;NA;NA;NA;NA;NA;NA;426;32;665
Site 771;NA;NA;NA;NA;NA;NA;NA;NA;NA;NA;NA;NA;NA;NA;NA;NA;NA;NA;NA;0;NA;3;NA;NA;NA;NA;5;NA
Site 774;NA;NA;NA;NA;NA;NA;NA;NA;NA;NA;NA;NA;NA;NA;NA;NA;NA;NA;NA;NA;NA;NA;NA;NA;0;NA;NA;5
Site 776;NA;NA;NA;NA;NA;NA;NA;NA;NA;NA;NA;NA;NA;NA;NA;NA;NA;NA;NA;NA;101;NA;0;NA;NA;NA;NA;0
Site 779;NA;NA;NA;NA;NA;NA;NA;NA;NA;NA;NA;NA;NA;NA;NA;NA;NA;NA;NA;NA;NA;NA;NA;NA;NA;NA;4;29
Site 783;NA;NA;NA;NA;NA;NA;NA;NA;NA;NA;NA;NA;NA;NA;NA;NA;NA;NA;NA;NA;NA;NA;NA;NA;NA;NA;85;0
Site 784;NA;NA;NA;NA;NA;NA;NA;NA;NA;NA;NA;NA;NA;NA;NA;NA;NA;NA;NA;NA;NA;NA;NA;NA;NA;NA;0;6
Site 785;NA;NA;NA;NA;NA;NA;NA;NA;NA;NA;NA;NA;NA;NA;NA;NA;NA;NA;NA;NA;NA;NA;NA;NA;NA;NA;62;0
